东城,http://bj.lianjia.com/ershoufang/dongcheng/
西城,http://bj.lianjia.com/ershoufang/xicheng/
朝阳,http://bj.lianjia.com/ershoufang/chaoyang/
海淀,http://bj.lianjia.com/ershoufang/haidian/
丰台,http://bj.lianjia.com/ershoufang/fengtai/
石景山,http://bj.lianjia.com/ershoufang/shijingshan/
通州,http://bj.lianjia.com/ershoufang/tongzhou/
昌平,http://bj.lianjia.com/ershoufang/changping/
大兴,http://bj.lianjia.com/ershoufang/daxing/
亦庄开发区,http://bj.lianjia.com/ershoufang/yizhuangkaifaqu/
顺义,http://bj.lianjia.com/ershoufang/shunyi/
房山,http://bj.lianjia.com/ershoufang/fangshan/
门头沟,http://bj.lianjia.com/ershoufang/mentougou/
平谷,http://bj.lianjia.com/ershoufang/pinggu/
怀柔,http://bj.lianjia.com/ershoufang/huairou/
密云,http://bj.lianjia.com/ershoufang/miyun/
延庆,http://bj.lianjia.com/ershoufang/yanqing/
燕郊,http://bj.lianjia.com/ershoufang/yanjiao/
