延庆其它,http://bj.lianjia.com/ershoufang/yanqingqita1/
平谷其它,http://bj.lianjia.com/ershoufang/pingguqita1/
密云其它,http://bj.lianjia.com/ershoufang/miyunqita11/
怀柔其它,http://bj.lianjia.com/ershoufang/huairouqita1/
怀柔,http://bj.lianjia.com/ershoufang/huairouchengqu1/
滨河西区,http://bj.lianjia.com/ershoufang/binhexiqu1/
城子,http://bj.lianjia.com/ershoufang/chengzi/
大峪,http://bj.lianjia.com/ershoufang/dayu/
冯村,http://bj.lianjia.com/ershoufang/fengcun/
门头沟其它,http://bj.lianjia.com/ershoufang/mentougouqita1/
石门营,http://bj.lianjia.com/ershoufang/shimenying/
长阳,http://bj.lianjia.com/ershoufang/changyang1/
城关,http://bj.lianjia.com/ershoufang/chengguan/
窦店,http://bj.lianjia.com/ershoufang/doudian/
房山其它,http://bj.lianjia.com/ershoufang/fangshanqita/
韩村河,http://bj.lianjia.com/ershoufang/hancunhe1/
良乡,http://bj.lianjia.com/ershoufang/liangxiang/
琉璃河,http://bj.lianjia.com/ershoufang/liulihe/
燕山,http://bj.lianjia.com/ershoufang/yanshan/
阎村,http://bj.lianjia.com/ershoufang/yancun/
马驹桥,http://bj.lianjia.com/ershoufang/majuqiao1/
亦庄,http://bj.lianjia.com/ershoufang/yizhuang1/
亦庄开发区其它,http://bj.lianjia.com/ershoufang/yizhuangkaifaquqita1/
后沙峪,http://bj.lianjia.com/ershoufang/houshayu1/
李桥,http://bj.lianjia.com/ershoufang/liqiao1/
马坡,http://bj.lianjia.com/ershoufang/mapo/
首都机场,http://bj.lianjia.com/ershoufang/shoudoujichang1/
顺义城,http://bj.lianjia.com/ershoufang/shunyicheng/
顺义其它,http://bj.lianjia.com/ershoufang/shunyiqita1/
天竺,http://bj.lianjia.com/ershoufang/tianzhu1/
中央别墅区,http://bj.lianjia.com/ershoufang/zhongyangbieshuqu1/
安宁庄,http://bj.lianjia.com/ershoufang/anningzhuang1/
奥林匹克公园,http://bj.lianjia.com/ershoufang/aolinpikegongyuan11/
百善镇,http://bj.lianjia.com/ershoufang/baishanzhen/
北七家,http://bj.lianjia.com/ershoufang/beiqijia/
昌平其它,http://bj.lianjia.com/ershoufang/changpingqita1/
东关,http://bj.lianjia.com/ershoufang/dongguan/
鼓楼大街,http://bj.lianjia.com/ershoufang/guloudajie/
回龙观,http://bj.lianjia.com/ershoufang/huilongguan2/
海淀北部新区,http://bj.lianjia.com/ershoufang/haidianbeibuxinqu1/
霍营,http://bj.lianjia.com/ershoufang/huoying/
立水桥,http://bj.lianjia.com/ershoufang/lishuiqiao1/
南口,http://bj.lianjia.com/ershoufang/nankou/
大兴其它,http://bj.lianjia.com/ershoufang/daxingqita11/
观音寺,http://bj.lianjia.com/ershoufang/guanyinsi/
和义,http://bj.lianjia.com/ershoufang/heyi/
黄村火车站,http://bj.lianjia.com/ershoufang/huangcunhuochezhan/
黄村北,http://bj.lianjia.com/ershoufang/huangcunbei/
黄村中,http://bj.lianjia.com/ershoufang/huangcunzhong/
旧宫,http://bj.lianjia.com/ershoufang/jiugong1/
科技园区,http://bj.lianjia.com/ershoufang/kejiyuanqu/
天宫院,http://bj.lianjia.com/ershoufang/tiangongyuan/
西红门,http://bj.lianjia.com/ershoufang/xihongmen/
亦庄,http://bj.lianjia.com/ershoufang/yizhuang1/
枣园,http://bj.lianjia.com/ershoufang/zaoyuan/
南邵,http://bj.lianjia.com/ershoufang/nanshao/
沙河,http://bj.lianjia.com/ershoufang/shahe2/
天通苑,http://bj.lianjia.com/ershoufang/tiantongyuan1/
西关环岛,http://bj.lianjia.com/ershoufang/xiguanhuandao/
西三旗,http://bj.lianjia.com/ershoufang/xisanqi1/
小汤山,http://bj.lianjia.com/ershoufang/xiaotangshan1/
八角,http://bj.lianjia.com/ershoufang/bajiao1/
城子,http://bj.lianjia.com/ershoufang/chengzi/
古城,http://bj.lianjia.com/ershoufang/gucheng/
鲁谷,http://bj.lianjia.com/ershoufang/lugu1/
老山,http://bj.lianjia.com/ershoufang/laoshan1/
苹果园,http://bj.lianjia.com/ershoufang/pingguoyuan1/
石景山其它,http://bj.lianjia.com/ershoufang/shijingshanqita1/
玉泉路,http://bj.lianjia.com/ershoufang/yuquanlu11/
杨庄,http://bj.lianjia.com/ershoufang/yangzhuang1/
北关,http://bj.lianjia.com/ershoufang/beiguan/
果园,http://bj.lianjia.com/ershoufang/guoyuan1/
九棵树(家乐福),http://bj.lianjia.com/ershoufang/jiukeshu12/
潞苑,http://bj.lianjia.com/ershoufang/luyuan/
梨园,http://bj.lianjia.com/ershoufang/liyuan/
临河里,http://bj.lianjia.com/ershoufang/linheli/
马驹桥,http://bj.lianjia.com/ershoufang/majuqiao1/
乔庄,http://bj.lianjia.com/ershoufang/qiaozhuang/
首都机场,http://bj.lianjia.com/ershoufang/shoudoujichang1/
通州北苑,http://bj.lianjia.com/ershoufang/tongzhoubeiyuan/
通州其它,http://bj.lianjia.com/ershoufang/tongzhouqita11/
武夷花园,http://bj.lianjia.com/ershoufang/wuyihuayuan/
新华大街,http://bj.lianjia.com/ershoufang/xinhuadajie/
亦庄,http://bj.lianjia.com/ershoufang/yizhuang1/
玉桥,http://bj.lianjia.com/ershoufang/yuqiao/
安定门,http://bj.lianjia.com/ershoufang/andingmen/
安贞,http://bj.lianjia.com/ershoufang/anzhen1/
奥林匹克公园,http://bj.lianjia.com/ershoufang/aolinpikegongyuan11/
北苑,http://bj.lianjia.com/ershoufang/beiyuan2/
北工大,http://bj.lianjia.com/ershoufang/beigongda/
百子湾,http://bj.lianjia.com/ershoufang/baiziwan/
成寿寺,http://bj.lianjia.com/ershoufang/chengshousi1/
常营,http://bj.lianjia.com/ershoufang/changying/
朝阳门外,http://bj.lianjia.com/ershoufang/chaoyangmenwai1/
CBD,http://bj.lianjia.com/ershoufang/cbd/
朝青,http://bj.lianjia.com/ershoufang/chaoqing/
朝阳公园,http://bj.lianjia.com/ershoufang/chaoyanggongyuan/
东直门,http://bj.lianjia.com/ershoufang/dongzhimen/
东坝,http://bj.lianjia.com/ershoufang/dongba/
大望路,http://bj.lianjia.com/ershoufang/dawanglu/
东大桥,http://bj.lianjia.com/ershoufang/dongdaqiao/
大山子,http://bj.lianjia.com/ershoufang/dashanzi/
豆各庄,http://bj.lianjia.com/ershoufang/dougezhuang/
定福庄,http://bj.lianjia.com/ershoufang/dingfuzhuang/
方庄,http://bj.lianjia.com/ershoufang/fangzhuang1/
垡头,http://bj.lianjia.com/ershoufang/fatou/
广渠门,http://bj.lianjia.com/ershoufang/guangqumen/
工体,http://bj.lianjia.com/ershoufang/gongti/
高碑店,http://bj.lianjia.com/ershoufang/gaobeidian/
国展,http://bj.lianjia.com/ershoufang/guozhan1/
甘露园,http://bj.lianjia.com/ershoufang/ganluyuan/
管庄,http://bj.lianjia.com/ershoufang/guanzhuang/
和平里,http://bj.lianjia.com/ershoufang/hepingli/
欢乐谷,http://bj.lianjia.com/ershoufang/huanlegu/
惠新西街,http://bj.lianjia.com/ershoufang/huixinxijie/
红庙,http://bj.lianjia.com/ershoufang/hongmiao/
华威桥,http://bj.lianjia.com/ershoufang/huaweiqiao/
健翔桥,http://bj.lianjia.com/ershoufang/jianxiangqiao1/
酒仙桥,http://bj.lianjia.com/ershoufang/jiuxianqiao/
劲松,http://bj.lianjia.com/ershoufang/jinsong/
建国门外,http://bj.lianjia.com/ershoufang/jianguomenwai/
立水桥,http://bj.lianjia.com/ershoufang/lishuiqiao1/
马甸,http://bj.lianjia.com/ershoufang/madian1/
农展馆,http://bj.lianjia.com/ershoufang/nongzhanguan/
南沙滩,http://bj.lianjia.com/ershoufang/nanshatan1/
潘家园,http://bj.lianjia.com/ershoufang/panjiayuan1/
三元桥,http://bj.lianjia.com/ershoufang/sanyuanqiao/
芍药居,http://bj.lianjia.com/ershoufang/shaoyaoju/
石佛营,http://bj.lianjia.com/ershoufang/shifoying/
十里堡,http://bj.lianjia.com/ershoufang/shilibao/
首都机场,http://bj.lianjia.com/ershoufang/shoudoujichang1/
双井,http://bj.lianjia.com/ershoufang/shuangjing/
十里河,http://bj.lianjia.com/ershoufang/shilihe/
十八里店,http://bj.lianjia.com/ershoufang/shibalidian1/
双桥,http://bj.lianjia.com/ershoufang/shuangqiao/
三里屯,http://bj.lianjia.com/ershoufang/sanlitun/
四惠,http://bj.lianjia.com/ershoufang/sihui/
通州北苑,http://bj.lianjia.com/ershoufang/tongzhoubeiyuan/
团结湖,http://bj.lianjia.com/ershoufang/tuanjiehu/
太阳宫,http://bj.lianjia.com/ershoufang/taiyanggong/
甜水园,http://bj.lianjia.com/ershoufang/tianshuiyuan/
望京,http://bj.lianjia.com/ershoufang/wangjing/
西坝河,http://bj.lianjia.com/ershoufang/xibahe/
亚运村,http://bj.lianjia.com/ershoufang/yayuncun/
亚运村小营,http://bj.lianjia.com/ershoufang/yayuncunxiaoying/
燕莎,http://bj.lianjia.com/ershoufang/yansha1/
中央别墅区,http://bj.lianjia.com/ershoufang/zhongyangbieshuqu1/
朝阳其它,http://bj.lianjia.com/ershoufang/zhaoyangqita/
安宁庄,http://bj.lianjia.com/ershoufang/anningzhuang1/
奥林匹克公园,http://bj.lianjia.com/ershoufang/aolinpikegongyuan11/
白石桥,http://bj.lianjia.com/ershoufang/baishiqiao1/
北太平庄,http://bj.lianjia.com/ershoufang/beitaipingzhuang/
厂洼,http://bj.lianjia.com/ershoufang/changwa/
定慧寺,http://bj.lianjia.com/ershoufang/dinghuisi/
二里庄,http://bj.lianjia.com/ershoufang/erlizhuang/
公主坟,http://bj.lianjia.com/ershoufang/gongzhufen/
甘家口,http://bj.lianjia.com/ershoufang/ganjiakou/
海淀其它,http://bj.lianjia.com/ershoufang/haidianqita1/
海淀北部新区,http://bj.lianjia.com/ershoufang/haidianbeibuxinqu1/
军博,http://bj.lianjia.com/ershoufang/junbo1/
六里桥,http://bj.lianjia.com/ershoufang/liuliqiao1/
马甸,http://bj.lianjia.com/ershoufang/madian1/
牡丹园,http://bj.lianjia.com/ershoufang/mudanyuan/
马连洼,http://bj.lianjia.com/ershoufang/malianwa/
清河,http://bj.lianjia.com/ershoufang/qinghe11/
苏州桥,http://bj.lianjia.com/ershoufang/suzhouqiao/
世纪城,http://bj.lianjia.com/ershoufang/shijicheng/
四季青,http://bj.lianjia.com/ershoufang/sijiqing/
双榆树,http://bj.lianjia.com/ershoufang/shuangyushu/
上地,http://bj.lianjia.com/ershoufang/shangdi1/
田村,http://bj.lianjia.com/ershoufang/tiancun1/
万寿路,http://bj.lianjia.com/ershoufang/wanshoulu1/
魏公村,http://bj.lianjia.com/ershoufang/weigongcun/
五棵松,http://bj.lianjia.com/ershoufang/wukesong1/
万柳,http://bj.lianjia.com/ershoufang/wanliu/
五道口,http://bj.lianjia.com/ershoufang/wudaokou/
小西天,http://bj.lianjia.com/ershoufang/xiaoxitian1/
西北旺,http://bj.lianjia.com/ershoufang/xibeiwang/
新街口,http://bj.lianjia.com/ershoufang/xinjiekou2/
西直门,http://bj.lianjia.com/ershoufang/xizhimen1/
西三旗,http://bj.lianjia.com/ershoufang/xisanqi1/
西山,http://bj.lianjia.com/ershoufang/xishan21/
学院路,http://bj.lianjia.com/ershoufang/xueyuanlu1/
西二旗,http://bj.lianjia.com/ershoufang/xierqi1/
颐和园,http://bj.lianjia.com/ershoufang/yiheyuan/
玉泉路,http://bj.lianjia.com/ershoufang/yuquanlu11/
杨庄,http://bj.lianjia.com/ershoufang/yangzhuang1/
圆明园,http://bj.lianjia.com/ershoufang/yuanmingyuan/
皂君庙,http://bj.lianjia.com/ershoufang/zaojunmiao/
紫竹桥,http://bj.lianjia.com/ershoufang/zizhuqiao/
中关村,http://bj.lianjia.com/ershoufang/zhongguancun/
知春路,http://bj.lianjia.com/ershoufang/zhichunlu/
安定门,http://bj.lianjia.com/ershoufang/andingmen/
白纸坊,http://bj.lianjia.com/ershoufang/baizhifang1/
菜户营,http://bj.lianjia.com/ershoufang/caihuying/
长椿街,http://bj.lianjia.com/ershoufang/changchunjie/
崇文门,http://bj.lianjia.com/ershoufang/chongwenmen/
车公庄,http://bj.lianjia.com/ershoufang/chegongzhuang1/
地安门,http://bj.lianjia.com/ershoufang/dianmen/
德胜门,http://bj.lianjia.com/ershoufang/deshengmen/
阜成门,http://bj.lianjia.com/ershoufang/fuchengmen/
广安门,http://bj.lianjia.com/ershoufang/guanganmen/
官园,http://bj.lianjia.com/ershoufang/guanyuan/
金融街,http://bj.lianjia.com/ershoufang/jinrongjie/
六铺炕,http://bj.lianjia.com/ershoufang/liupukang/
马甸,http://bj.lianjia.com/ershoufang/madian1/
马连道,http://bj.lianjia.com/ershoufang/maliandao1/
木樨地,http://bj.lianjia.com/ershoufang/muxidi1/
牛街,http://bj.lianjia.com/ershoufang/niujie/
陶然亭,http://bj.lianjia.com/ershoufang/taoranting1/
天宁寺,http://bj.lianjia.com/ershoufang/tianningsi1/
西四,http://bj.lianjia.com/ershoufang/xisi1/
宣武门,http://bj.lianjia.com/ershoufang/xuanwumen12/
西直门,http://bj.lianjia.com/ershoufang/xizhimen1/
新街口,http://bj.lianjia.com/ershoufang/xinjiekou2/
西单,http://bj.lianjia.com/ershoufang/xidan/
月坛,http://bj.lianjia.com/ershoufang/yuetan/
右安门内,http://bj.lianjia.com/ershoufang/youanmennei11/
福成五期公交总站,http://bj.lianjia.com/ershoufang/fuchengwuqigongjiaozongzhan/
福成四期,http://bj.lianjia.com/ershoufang/fuchengsiqi/
天洋城,http://bj.lianjia.com/ershoufang/tianyangcheng/
燕顺路国道,http://bj.lianjia.com/ershoufang/yanshunluguodao/
燕京航城,http://bj.lianjia.com/ershoufang/yanjinghangcheng/
燕顺路西,http://bj.lianjia.com/ershoufang/yanshunluxi/
燕顺路东,http://bj.lianjia.com/ershoufang/yanshunludong/
安定门,http://bj.lianjia.com/ershoufang/andingmen/
安贞,http://bj.lianjia.com/ershoufang/anzhen1/
崇文门,http://bj.lianjia.com/ershoufang/chongwenmen/
朝阳门外,http://bj.lianjia.com/ershoufang/chaoyangmenwai1/
朝阳门内,http://bj.lianjia.com/ershoufang/chaoyangmennei1/
东花市,http://bj.lianjia.com/ershoufang/donghuashi/
地安门,http://bj.lianjia.com/ershoufang/dianmen/
灯市口,http://bj.lianjia.com/ershoufang/dengshikou/
东四,http://bj.lianjia.com/ershoufang/dongsi1/
东单,http://bj.lianjia.com/ershoufang/dongdan/
东直门,http://bj.lianjia.com/ershoufang/dongzhimen/
广渠门,http://bj.lianjia.com/ershoufang/guangqumen/
工体,http://bj.lianjia.com/ershoufang/gongti/
和平里,http://bj.lianjia.com/ershoufang/hepingli/
交道口,http://bj.lianjia.com/ershoufang/jiaodaokou/
金宝街,http://bj.lianjia.com/ershoufang/jinbaojie/
建国门外,http://bj.lianjia.com/ershoufang/jianguomenwai/
建国门内,http://bj.lianjia.com/ershoufang/jianguomennei/
六铺炕,http://bj.lianjia.com/ershoufang/liupukang/
蒲黄榆,http://bj.lianjia.com/ershoufang/puhuangyu/
前门,http://bj.lianjia.com/ershoufang/qianmen/
陶然亭,http://bj.lianjia.com/ershoufang/taoranting1/
天坛,http://bj.lianjia.com/ershoufang/tiantan/
西单,http://bj.lianjia.com/ershoufang/xidan/
西罗园,http://bj.lianjia.com/ershoufang/xiluoyuan/
永定门,http://bj.lianjia.com/ershoufang/yongdingmen/
左安门,http://bj.lianjia.com/ershoufang/zuoanmen1/
北大地,http://bj.lianjia.com/ershoufang/beidadi/
北京南站,http://bj.lianjia.com/ershoufang/beijingnanzhan1/
成寿寺,http://bj.lianjia.com/ershoufang/chengshousi1/
草桥,http://bj.lianjia.com/ershoufang/caoqiao/
菜户营,http://bj.lianjia.com/ershoufang/caihuying/
大红门,http://bj.lianjia.com/ershoufang/dahongmen/
丰台其它,http://bj.lianjia.com/ershoufang/fengtaiqita1/
方庄,http://bj.lianjia.com/ershoufang/fangzhuang1/
广安门,http://bj.lianjia.com/ershoufang/guanganmen/
和义,http://bj.lianjia.com/ershoufang/heyi/
花乡,http://bj.lianjia.com/ershoufang/huaxiang/
旧宫,http://bj.lianjia.com/ershoufang/jiugong1/
角门,http://bj.lianjia.com/ershoufang/jiaomen/
科技园区,http://bj.lianjia.com/ershoufang/kejiyuanqu/
看丹桥,http://bj.lianjia.com/ershoufang/kandanqiao/
丽泽,http://bj.lianjia.com/ershoufang/lize/
刘家窑,http://bj.lianjia.com/ershoufang/liujiayao/
卢沟桥,http://bj.lianjia.com/ershoufang/lugouqiao1/
六里桥,http://bj.lianjia.com/ershoufang/liuliqiao1/
木樨园,http://bj.lianjia.com/ershoufang/muxiyuan1/
马家堡,http://bj.lianjia.com/ershoufang/majiabao/
马连道,http://bj.lianjia.com/ershoufang/maliandao1/
蒲黄榆,http://bj.lianjia.com/ershoufang/puhuangyu/
青塔,http://bj.lianjia.com/ershoufang/qingta1/
七里庄,http://bj.lianjia.com/ershoufang/qilizhuang/
宋家庄,http://bj.lianjia.com/ershoufang/songjiazhuang/
十里河,http://bj.lianjia.com/ershoufang/shilihe/
太平桥,http://bj.lianjia.com/ershoufang/taipingqiao1/
五里店,http://bj.lianjia.com/ershoufang/wulidian/
西红门,http://bj.lianjia.com/ershoufang/xihongmen/
西罗园,http://bj.lianjia.com/ershoufang/xiluoyuan/
新宫,http://bj.lianjia.com/ershoufang/xingong/
岳各庄,http://bj.lianjia.com/ershoufang/yuegezhuang/
玉泉营,http://bj.lianjia.com/ershoufang/yuquanying/
右安门外,http://bj.lianjia.com/ershoufang/youanmenwai/
洋桥,http://bj.lianjia.com/ershoufang/yangqiao1/
赵公口,http://bj.lianjia.com/ershoufang/zhaogongkou/
